[
  {
    "id": "a000",
    "slug": "kak-vybrat-vps-pod-sayt-0",
    "title": "Как выбрать VPS под сайт",
    "excerpt": "Короткая выжимка (демо). Практический гайд, чек-листы и типовые ошибки при выборе облачного сервера.",
    "content_md": "## Демо-статья\n\nЭто демонстрационный контент для наполнения. Здесь будут советы, чек-листы и примеры расчёта стоимости.\n\n- Пункт 1\n- Пункт 2\n- Пункт 3\n",
    "published_at": "2026-01-21",
    "reading_time_min": 7,
    "tags": [
      "безопасность",
      "vps",
      "linux"
    ]
  },
  {
    "id": "a001",
    "slug": "vds-dlya-vpn-na-chto-smotret-1",
    "title": "VDS для VPN: на что смотреть",
    "excerpt": "Короткая выжимка (демо). Практический гайд, чек-листы и типовые ошибки при выборе облачного сервера.",
    "content_md": "## Демо-статья\n\nЭто демонстрационный контент для наполнения. Здесь будут советы, чек-листы и примеры расчёта стоимости.\n\n- Пункт 1\n- Пункт 2\n- Пункт 3\n",
    "published_at": "2026-01-14",
    "reading_time_min": 4,
    "tags": [
      "devops",
      "vds",
      "vps"
    ]
  },
  {
    "id": "a002",
    "slug": "nagruzka-i-vcpu-mify-2",
    "title": "Нагрузка и vCPU: мифы",
    "excerpt": "Короткая выжимка (демо). Практический гайд, чек-листы и типовые ошибки при выборе облачного сервера.",
    "content_md": "## Демо-статья\n\nЭто демонстрационный контент для наполнения. Здесь будут советы, чек-листы и примеры расчёта стоимости.\n\n- Пункт 1\n- Пункт 2\n- Пункт 3\n",
    "published_at": "2026-01-07",
    "reading_time_min": 8,
    "tags": [
      "цены",
      "linux",
      "vds"
    ]
  },
  {
    "id": "a003",
    "slug": "nvme-vs-ssd-gde-realnyy-profit-3",
    "title": "NVMe vs SSD: где реальный профит",
    "excerpt": "Короткая выжимка (демо). Практический гайд, чек-листы и типовые ошибки при выборе облачного сервера.",
    "content_md": "## Демо-статья\n\nЭто демонстрационный контент для наполнения. Здесь будут советы, чек-листы и примеры расчёта стоимости.\n\n- Пункт 1\n- Пункт 2\n- Пункт 3\n",
    "published_at": "2025-12-31",
    "reading_time_min": 7,
    "tags": [
      "цены",
      "облако",
      "vds"
    ]
  },
  {
    "id": "a004",
    "slug": "trafik-i-kanal-kak-ne-popast-4",
    "title": "Трафик и канал: как не попасть",
    "excerpt": "Короткая выжимка (демо). Практический гайд, чек-листы и типовые ошибки при выборе облачного сервера.",
    "content_md": "## Демо-статья\n\nЭто демонстрационный контент для наполнения. Здесь будут советы, чек-листы и примеры расчёта стоимости.\n\n- Пункт 1\n- Пункт 2\n- Пункт 3\n",
    "published_at": "2025-12-24",
    "reading_time_min": 7,
    "tags": [
      "vps",
      "безопасность",
      "цены"
    ]
  },
  {
    "id": "a005",
    "slug": "sla-prostymi-slovami-5",
    "title": "SLA простыми словами",
    "excerpt": "Короткая выжимка (демо). Практический гайд, чек-листы и типовые ошибки при выборе облачного сервера.",
    "content_md": "## Демо-статья\n\nЭто демонстрационный контент для наполнения. Здесь будут советы, чек-листы и примеры расчёта стоимости.\n\n- Пункт 1\n- Пункт 2\n- Пункт 3\n",
    "published_at": "2025-12-17",
    "reading_time_min": 7,
    "tags": [
      "devops",
      "linux",
      "цены"
    ]
  },
  {
    "id": "a006",
    "slug": "kak-pereehat-bez-dauntayma-6",
    "title": "Как переехать без даунтайма",
    "excerpt": "Короткая выжимка (демо). Практический гайд, чек-листы и типовые ошибки при выборе облачного сервера.",
    "content_md": "## Демо-статья\n\nЭто демонстрационный контент для наполнения. Здесь будут советы, чек-листы и примеры расчёта стоимости.\n\n- Пункт 1\n- Пункт 2\n- Пункт 3\n",
    "published_at": "2025-12-10",
    "reading_time_min": 6,
    "tags": [
      "vps",
      "vds",
      "linux"
    ]
  },
  {
    "id": "a007",
    "slug": "kvm-vs-openstack-7",
    "title": "KVM vs OpenStack",
    "excerpt": "Короткая выжимка (демо). Практический гайд, чек-листы и типовые ошибки при выборе облачного сервера.",
    "content_md": "## Демо-статья\n\nЭто демонстрационный контент для наполнения. Здесь будут советы, чек-листы и примеры расчёта стоимости.\n\n- Пункт 1\n- Пункт 2\n- Пункт 3\n",
    "published_at": "2025-12-03",
    "reading_time_min": 4,
    "tags": [
      "devops",
      "цены",
      "vds"
    ]
  },
  {
    "id": "a008",
    "slug": "kak-vybrat-vps-pod-sayt-8",
    "title": "Как выбрать VPS под сайт",
    "excerpt": "Короткая выжимка (демо). Практический гайд, чек-листы и типовые ошибки при выборе облачного сервера.",
    "content_md": "## Демо-статья\n\nЭто демонстрационный контент для наполнения. Здесь будут советы, чек-листы и примеры расчёта стоимости.\n\n- Пункт 1\n- Пункт 2\n- Пункт 3\n",
    "published_at": "2025-11-26",
    "reading_time_min": 8,
    "tags": [
      "linux",
      "облако",
      "vps"
    ]
  },
  {
    "id": "a009",
    "slug": "vds-dlya-vpn-na-chto-smotret-9",
    "title": "VDS для VPN: на что смотреть",
    "excerpt": "Короткая выжимка (демо). Практический гайд, чек-листы и типовые ошибки при выборе облачного сервера.",
    "content_md": "## Демо-статья\n\nЭто демонстрационный контент для наполнения. Здесь будут советы, чек-листы и примеры расчёта стоимости.\n\n- Пункт 1\n- Пункт 2\n- Пункт 3\n",
    "published_at": "2025-11-19",
    "reading_time_min": 5,
    "tags": [
      "vps",
      "linux",
      "devops"
    ]
  },
  {
    "id": "a010",
    "slug": "nagruzka-i-vcpu-mify-10",
    "title": "Нагрузка и vCPU: мифы",
    "excerpt": "Короткая выжимка (демо). Практический гайд, чек-листы и типовые ошибки при выборе облачного сервера.",
    "content_md": "## Демо-статья\n\nЭто демонстрационный контент для наполнения. Здесь будут советы, чек-листы и примеры расчёта стоимости.\n\n- Пункт 1\n- Пункт 2\n- Пункт 3\n",
    "published_at": "2025-11-12",
    "reading_time_min": 9,
    "tags": [
      "цены",
      "vds",
      "devops"
    ]
  },
  {
    "id": "a011",
    "slug": "nvme-vs-ssd-gde-realnyy-profit-11",
    "title": "NVMe vs SSD: где реальный профит",
    "excerpt": "Короткая выжимка (демо). Практический гайд, чек-листы и типовые ошибки при выборе облачного сервера.",
    "content_md": "## Демо-статья\n\nЭто демонстрационный контент для наполнения. Здесь будут советы, чек-листы и примеры расчёта стоимости.\n\n- Пункт 1\n- Пункт 2\n- Пункт 3\n",
    "published_at": "2025-11-05",
    "reading_time_min": 6,
    "tags": [
      "облако",
      "vps",
      "linux"
    ]
  },
  {
    "id": "a012",
    "slug": "trafik-i-kanal-kak-ne-popast-12",
    "title": "Трафик и канал: как не попасть",
    "excerpt": "Короткая выжимка (демо). Практический гайд, чек-листы и типовые ошибки при выборе облачного сервера.",
    "content_md": "## Демо-статья\n\nЭто демонстрационный контент для наполнения. Здесь будут советы, чек-листы и примеры расчёта стоимости.\n\n- Пункт 1\n- Пункт 2\n- Пункт 3\n",
    "published_at": "2025-10-29",
    "reading_time_min": 6,
    "tags": [
      "vds",
      "devops",
      "linux"
    ]
  },
  {
    "id": "a013",
    "slug": "sla-prostymi-slovami-13",
    "title": "SLA простыми словами",
    "excerpt": "Короткая выжимка (демо). Практический гайд, чек-листы и типовые ошибки при выборе облачного сервера.",
    "content_md": "## Демо-статья\n\nЭто демонстрационный контент для наполнения. Здесь будут советы, чек-листы и примеры расчёта стоимости.\n\n- Пункт 1\n- Пункт 2\n- Пункт 3\n",
    "published_at": "2025-10-22",
    "reading_time_min": 7,
    "tags": [
      "devops",
      "облако",
      "vds"
    ]
  },
  {
    "id": "a014",
    "slug": "kak-pereehat-bez-dauntayma-14",
    "title": "Как переехать без даунтайма",
    "excerpt": "Короткая выжимка (демо). Практический гайд, чек-листы и типовые ошибки при выборе облачного сервера.",
    "content_md": "## Демо-статья\n\nЭто демонстрационный контент для наполнения. Здесь будут советы, чек-листы и примеры расчёта стоимости.\n\n- Пункт 1\n- Пункт 2\n- Пункт 3\n",
    "published_at": "2025-10-15",
    "reading_time_min": 8,
    "tags": [
      "vps",
      "vds",
      "облако"
    ]
  },
  {
    "id": "a015",
    "slug": "kvm-vs-openstack-15",
    "title": "KVM vs OpenStack",
    "excerpt": "Короткая выжимка (демо). Практический гайд, чек-листы и типовые ошибки при выборе облачного сервера.",
    "content_md": "## Демо-статья\n\nЭто демонстрационный контент для наполнения. Здесь будут советы, чек-листы и примеры расчёта стоимости.\n\n- Пункт 1\n- Пункт 2\n- Пункт 3\n",
    "published_at": "2025-10-08",
    "reading_time_min": 4,
    "tags": [
      "devops",
      "облако",
      "linux"
    ]
  },
  {
    "id": "a016",
    "slug": "kak-vybrat-vps-pod-sayt-16",
    "title": "Как выбрать VPS под сайт",
    "excerpt": "Короткая выжимка (демо). Практический гайд, чек-листы и типовые ошибки при выборе облачного сервера.",
    "content_md": "## Демо-статья\n\nЭто демонстрационный контент для наполнения. Здесь будут советы, чек-листы и примеры расчёта стоимости.\n\n- Пункт 1\n- Пункт 2\n- Пункт 3\n",
    "published_at": "2025-10-01",
    "reading_time_min": 6,
    "tags": [
      "безопасность",
      "linux",
      "цены"
    ]
  },
  {
    "id": "a017",
    "slug": "vds-dlya-vpn-na-chto-smotret-17",
    "title": "VDS для VPN: на что смотреть",
    "excerpt": "Короткая выжимка (демо). Практический гайд, чек-листы и типовые ошибки при выборе облачного сервера.",
    "content_md": "## Демо-статья\n\nЭто демонстрационный контент для наполнения. Здесь будут советы, чек-листы и примеры расчёта стоимости.\n\n- Пункт 1\n- Пункт 2\n- Пункт 3\n",
    "published_at": "2025-09-24",
    "reading_time_min": 7,
    "tags": [
      "безопасность",
      "linux",
      "vds"
    ]
  },
  {
    "id": "a018",
    "slug": "nagruzka-i-vcpu-mify-18",
    "title": "Нагрузка и vCPU: мифы",
    "excerpt": "Короткая выжимка (демо). Практический гайд, чек-листы и типовые ошибки при выборе облачного сервера.",
    "content_md": "## Демо-статья\n\nЭто демонстрационный контент для наполнения. Здесь будут советы, чек-листы и примеры расчёта стоимости.\n\n- Пункт 1\n- Пункт 2\n- Пункт 3\n",
    "published_at": "2025-09-17",
    "reading_time_min": 7,
    "tags": [
      "безопасность",
      "linux",
      "vps"
    ]
  },
  {
    "id": "a019",
    "slug": "nvme-vs-ssd-gde-realnyy-profit-19",
    "title": "NVMe vs SSD: где реальный профит",
    "excerpt": "Короткая выжимка (демо). Практический гайд, чек-листы и типовые ошибки при выборе облачного сервера.",
    "content_md": "## Демо-статья\n\nЭто демонстрационный контент для наполнения. Здесь будут советы, чек-листы и примеры расчёта стоимости.\n\n- Пункт 1\n- Пункт 2\n- Пункт 3\n",
    "published_at": "2025-09-10",
    "reading_time_min": 4,
    "tags": [
      "облако",
      "vds",
      "vps"
    ]
  },
  {
    "id": "a020",
    "slug": "trafik-i-kanal-kak-ne-popast-20",
    "title": "Трафик и канал: как не попасть",
    "excerpt": "Короткая выжимка (демо). Практический гайд, чек-листы и типовые ошибки при выборе облачного сервера.",
    "content_md": "## Демо-статья\n\nЭто демонстрационный контент для наполнения. Здесь будут советы, чек-листы и примеры расчёта стоимости.\n\n- Пункт 1\n- Пункт 2\n- Пункт 3\n",
    "published_at": "2025-09-03",
    "reading_time_min": 4,
    "tags": [
      "vps",
      "linux",
      "безопасность"
    ]
  },
  {
    "id": "a021",
    "slug": "sla-prostymi-slovami-21",
    "title": "SLA простыми словами",
    "excerpt": "Короткая выжимка (демо). Практический гайд, чек-листы и типовые ошибки при выборе облачного сервера.",
    "content_md": "## Демо-статья\n\nЭто демонстрационный контент для наполнения. Здесь будут советы, чек-листы и примеры расчёта стоимости.\n\n- Пункт 1\n- Пункт 2\n- Пункт 3\n",
    "published_at": "2025-08-27",
    "reading_time_min": 8,
    "tags": [
      "цены",
      "vds",
      "devops"
    ]
  },
  {
    "id": "a022",
    "slug": "kak-pereehat-bez-dauntayma-22",
    "title": "Как переехать без даунтайма",
    "excerpt": "Короткая выжимка (демо). Практический гайд, чек-листы и типовые ошибки при выборе облачного сервера.",
    "content_md": "## Демо-статья\n\nЭто демонстрационный контент для наполнения. Здесь будут советы, чек-листы и примеры расчёта стоимости.\n\n- Пункт 1\n- Пункт 2\n- Пункт 3\n",
    "published_at": "2025-08-20",
    "reading_time_min": 5,
    "tags": [
      "linux",
      "цены",
      "облако"
    ]
  },
  {
    "id": "a023",
    "slug": "kvm-vs-openstack-23",
    "title": "KVM vs OpenStack",
    "excerpt": "Короткая выжимка (демо). Практический гайд, чек-листы и типовые ошибки при выборе облачного сервера.",
    "content_md": "## Демо-статья\n\nЭто демонстрационный контент для наполнения. Здесь будут советы, чек-листы и примеры расчёта стоимости.\n\n- Пункт 1\n- Пункт 2\n- Пункт 3\n",
    "published_at": "2025-08-13",
    "reading_time_min": 7,
    "tags": [
      "безопасность",
      "linux",
      "devops"
    ]
  }
]