[
  {
    "q": "Это реальный заказ сервера?",
    "a": "СерверПлейс — маркетплейс сравнения. После «Заказать» мы отправляем заявку выбранному провайдеру и он связывается с вами."
  },
  {
    "q": "Почему цены со скидкой?",
    "a": "В демо‑версии включена акция «−20%» от средней рыночной цены, чтобы витрина выглядела как «живой» сервис."
  },
  {
    "q": "Можно выбрать пропускную способность и трафик?",
    "a": "Да. В фильтрах есть ширина канала и лимит трафика в месяц. Если у провайдера эти параметры не фиксированы — показываем «до…» и условия."
  },
  {
    "q": "Что значит «бесплатный тест»?",
    "a": "Провайдер предлагает тестовый период (например, 7–14 дней) или промокредит. Условия разные — смотрите карточку провайдера."
  },
  {
    "q": "С какими регионами вы работаете?",
    "a": "Сравниваем предложения с локациями в РФ. В карточке тарифа указаны доступные регионы и пулы (для демо)."
  }
]