[
  {
    "id": "spb",
    "name": "Санкт‑Петербург",
    "country": "Россия",
    "city": "Санкт‑Петербург"
  },
  {
    "id": "msk",
    "name": "Москва",
    "country": "Россия",
    "city": "Москва"
  },
  {
    "id": "nsk",
    "name": "Новосибирск",
    "country": "Россия",
    "city": "Новосибирск"
  },
  {
    "id": "ekb",
    "name": "Екатеринбург",
    "country": "Россия",
    "city": "Екатеринбург"
  },
  {
    "id": "kzn",
    "name": "Казань",
    "country": "Россия",
    "city": "Казань"
  }
]